domain,NS,IP
ABB,192.0.2.1
AC,192.0.2.1
ABBOTT,192.0.2.1
ABBVIE,192.0.2.1
ABC,192.0.2.1
ABLE,192.0.2.1
ABOGADO,192.0.2.1
ABUDHABI,192.0.2.1
AAA,192.0.2.1
AARP,192.0.2.1
ACADEMY,192.0.2.1
ACCENTURE,192.0.2.1
ACCOUNTANT,192.0.2.1
ACCOUNTANTS,192.0.2.1
ACO,192.0.2.1
ACTOR,192.0.2.1
AD,192.0.2.1
ADS,192.0.2.1
ADULT,192.0.2.1
AE,192.0.2.1
AEG,192.0.2.1
AERO,192.0.2.1
AETNA,192.0.2.1
AF,192.0.2.1
AFL,192.0.2.1
AFRICA,192.0.2.1
AG,192.0.2.1
AGAKHAN,192.0.2.1
AGENCY,192.0.2.1
AI,192.0.2.1
AIG,192.0.2.1
AIRBUS,192.0.2.1
AIRFORCE,192.0.2.1
AIRTEL,192.0.2.1
AKDN,192.0.2.1
AL,192.0.2.1
ALIBABA,192.0.2.1
ALIPAY,192.0.2.1
ALLFINANZ,192.0.2.1
ALLSTATE,192.0.2.1
ALLY,192.0.2.1
ALSACE,192.0.2.1
ALSTOM,192.0.2.1
AM,192.0.2.1
AMAZON,192.0.2.1
AMERICANEXPRESS,192.0.2.1
AMERICANFAMILY,192.0.2.1
AMEX,192.0.2.1
AMFAM,192.0.2.1
AMICA,192.0.2.1
AMSTERDAM,192.0.2.1
ANALYTICS,192.0.2.1
ANDROID,192.0.2.1
ANQUAN,192.0.2.1
ANZ,192.0.2.1
AO,192.0.2.1
AOL,192.0.2.1
APARTMENTS,192.0.2.1
APP,192.0.2.1
APPLE,192.0.2.1
AQ,192.0.2.1
AQUARELLE,192.0.2.1
AR,192.0.2.1
ARAB,192.0.2.1
ARAMCO,192.0.2.1
ARCHI,192.0.2.1
ARMY,192.0.2.1
ARPA,192.0.2.1
ART,192.0.2.1
ARTE,192.0.2.1
AS,192.0.2.1
ASDA,192.0.2.1
ASIA,192.0.2.1
ASSOCIATES,192.0.2.1
AT,192.0.2.1
ATHLETA,192.0.2.1
ATTORNEY,192.0.2.1
AU,192.0.2.1
AUCTION,192.0.2.1
AUDI,192.0.2.1
AUDIBLE,192.0.2.1
AUDIO,192.0.2.1
AUSPOST,192.0.2.1
AUTHOR,192.0.2.1
AUTO,192.0.2.1
AUTOS,192.0.2.1
AW,192.0.2.1
AWS,192.0.2.1
AX,192.0.2.1
AXA,192.0.2.1
AZ,192.0.2.1
AZURE,192.0.2.1
BA,192.0.2.1
BABY,192.0.2.1
BAIDU,192.0.2.1
BANAMEX,192.0.2.1
BAND,192.0.2.1
BANK,192.0.2.1
BAR,192.0.2.1
BARCELONA,192.0.2.1
BARCLAYCARD,192.0.2.1
BARCLAYS,192.0.2.1
BAREFOOT,192.0.2.1
BARGAINS,192.0.2.1
BASEBALL,192.0.2.1
BASKETBALL,192.0.2.1
BAUHAUS,192.0.2.1
BAYERN,192.0.2.1
BB,192.0.2.1
BBC,192.0.2.1
BBT,192.0.2.1
BBVA,192.0.2.1
BCG,192.0.2.1
BCN,192.0.2.1
BD,192.0.2.1
BE,192.0.2.1
BEATS,192.0.2.1
BEAUTY,192.0.2.1
BEER,192.0.2.1
BENTLEY,192.0.2.1
BERLIN,192.0.2.1
BEST,192.0.2.1
BESTBUY,192.0.2.1
BET,192.0.2.1
BF,192.0.2.1
BG,192.0.2.1
BH,192.0.2.1
BHARTI,192.0.2.1
BI,192.0.2.1
BIBLE,192.0.2.1
BLOCKBUSTER,192.0.2.1
BLOG,192.0.2.1
BLOOMBERG,192.0.2.1
BLUE,192.0.2.1
BM,192.0.2.1
BMS,192.0.2.1
BMW,192.0.2.1
BN,192.0.2.1
BNPPARIBAS,192.0.2.1
BO,192.0.2.1
BOATS,192.0.2.1
BOEHRINGER,192.0.2.1
BOFA,192.0.2.1
BOM,192.0.2.1
BOND,192.0.2.1
BOO,192.0.2.1
BOOK,192.0.2.1
BOOKING,192.0.2.1
BOSCH,192.0.2.1
BOSTIK,192.0.2.1
BOSTON,192.0.2.1
BOT,192.0.2.1
BOUTIQUE,192.0.2.1
BOX,192.0.2.1
BR,192.0.2.1
BRADESCO,192.0.2.1
BRIDGESTONE,192.0.2.1
BROADWAY,192.0.2.1
BROKER,192.0.2.1
BROTHER,192.0.2.1
BRUSSELS,192.0.2.1
BS,192.0.2.1
BT,192.0.2.1
BUILD,192.0.2.1
BUILDERS,192.0.2.1
BUSINESS,192.0.2.1
BUY,192.0.2.1
BUZZ,192.0.2.1
BV,192.0.2.1
BW,192.0.2.1
BIO,192.0.2.1
BY,192.0.2.1
BZ,192.0.2.1
BID,192.0.2.1
BIKE,192.0.2.1
BING,192.0.2.1
BZH,192.0.2.1
BINGO,192.0.2.1
BLACK,192.0.2.1
BIZ,192.0.2.1
BJ,192.0.2.1
CA,192.0.2.1
BLACKFRIDAY,192.0.2.1
CAB,192.0.2.1
CAFE,192.0.2.1
CAL,192.0.2.1
CALL,192.0.2.1
CALVINKLEIN,192.0.2.1
CAM,192.0.2.1
CAMERA,192.0.2.1
CAMP,192.0.2.1
CANON,192.0.2.1
CAPETOWN,192.0.2.1
CAPITAL,192.0.2.1
CAPITALONE,192.0.2.1
CAR,192.0.2.1
CARAVAN,192.0.2.1
CARDS,192.0.2.1
CARE,192.0.2.1
CAREER,192.0.2.1
CAREERS,192.0.2.1
CARS,192.0.2.1
CASA,192.0.2.1
CASE,192.0.2.1
CASH,192.0.2.1
CASINO,192.0.2.1
CAT,192.0.2.1
CATERING,192.0.2.1
CATHOLIC,192.0.2.1
CBA,192.0.2.1
CBN,192.0.2.1
CBRE,192.0.2.1
CC,192.0.2.1
CD,192.0.2.1
CENTER,192.0.2.1
CEO,192.0.2.1
CERN,192.0.2.1
CF,192.0.2.1
CFA,192.0.2.1
CFD,192.0.2.1
CG,192.0.2.1
CH,192.0.2.1
CHANEL,192.0.2.1
CHANNEL,192.0.2.1
CHARITY,192.0.2.1
CHASE,192.0.2.1
CHAT,192.0.2.1
CHEAP,192.0.2.1
CHINTAI,192.0.2.1
CHRISTMAS,192.0.2.1
CHROME,192.0.2.1
CHURCH,192.0.2.1
CI,192.0.2.1
CIPRIANI,192.0.2.1
CIRCLE,192.0.2.1
CISCO,192.0.2.1
CITADEL,192.0.2.1
CITI,192.0.2.1
CITIC,192.0.2.1
CITY,192.0.2.1
CK,192.0.2.1
CL,192.0.2.1
CLAIMS,192.0.2.1
CLEANING,192.0.2.1
CLICK,192.0.2.1
CLINIC,192.0.2.1
CLINIQUE,192.0.2.1
CLOTHING,192.0.2.1
CLOUD,192.0.2.1
CLUB,192.0.2.1
CLUBMED,192.0.2.1
CM,192.0.2.1
CN,192.0.2.1
CO,192.0.2.1
COACH,192.0.2.1
CODES,192.0.2.1
COFFEE,192.0.2.1
COLLEGE,192.0.2.1
COLOGNE,192.0.2.1
COM,192.0.2.1
COMMBANK,192.0.2.1
COMMUNITY,192.0.2.1
COMPANY,192.0.2.1
COMPARE,192.0.2.1
COMPUTER,192.0.2.1
COMSEC,192.0.2.1
CONDOS,192.0.2.1
CONSTRUCTION,192.0.2.1
CONSULTING,192.0.2.1
CONTACT,192.0.2.1
CONTRACTORS,192.0.2.1
COOKING,192.0.2.1
COOL,192.0.2.1
COOP,192.0.2.1
CORSICA,192.0.2.1
COUNTRY,192.0.2.1
COUPON,192.0.2.1
COUPONS,192.0.2.1
COURSES,192.0.2.1
CPA,192.0.2.1
CR,192.0.2.1
CREDIT,192.0.2.1
CREDITCARD,192.0.2.1
CREDITUNION,192.0.2.1
CRICKET,192.0.2.1
CROWN,192.0.2.1
CRS,192.0.2.1
CRUISE,192.0.2.1
CRUISES,192.0.2.1
CU,192.0.2.1
CUISINELLA,192.0.2.1
CV,192.0.2.1
CW,192.0.2.1
CX,192.0.2.1
CY,192.0.2.1
CYMRU,192.0.2.1
CYOU,192.0.2.1
CZ,192.0.2.1
DABUR,192.0.2.1
DAD,192.0.2.1
DANCE,192.0.2.1
DATA,192.0.2.1
DATE,192.0.2.1
DATING,192.0.2.1
DATSUN,192.0.2.1
DAY,192.0.2.1
DCLK,192.0.2.1
DDS,192.0.2.1
DE,192.0.2.1
DEAL,192.0.2.1
DEALER,192.0.2.1
DEALS,192.0.2.1
DEGREE,192.0.2.1
DELIVERY,192.0.2.1
DELL,192.0.2.1
DELOITTE,192.0.2.1
DELTA,192.0.2.1
DEMOCRAT,192.0.2.1
DENTAL,192.0.2.1
DENTIST,192.0.2.1
DESI,192.0.2.1
DESIGN,192.0.2.1
DEV,192.0.2.1
DHL,192.0.2.1
DIAMONDS,192.0.2.1
DIET,192.0.2.1
DIGITAL,192.0.2.1
DIRECT,192.0.2.1
DIRECTORY,192.0.2.1
DISCOUNT,192.0.2.1
DISCOVER,192.0.2.1
DISH,192.0.2.1
DIY,192.0.2.1
DJ,192.0.2.1
DK,192.0.2.1
DM,192.0.2.1
DNP,192.0.2.1
DO,192.0.2.1
DOCS,192.0.2.1
DOCTOR,192.0.2.1
DOG,192.0.2.1
DOMAINS,192.0.2.1
DOT,192.0.2.1
DOWNLOAD,192.0.2.1
DRIVE,192.0.2.1
DTV,192.0.2.1
DUBAI,192.0.2.1
DUNLOP,192.0.2.1
DUPONT,192.0.2.1
DURBAN,192.0.2.1
DVAG,192.0.2.1
DVR,192.0.2.1
DZ,192.0.2.1
EARTH,192.0.2.1
EAT,192.0.2.1
EC,192.0.2.1
ECO,192.0.2.1
EDEKA,192.0.2.1
EDU,192.0.2.1
EDUCATION,192.0.2.1
EE,192.0.2.1
EG,192.0.2.1
EMAIL,192.0.2.1
EMERCK,192.0.2.1
ENERGY,192.0.2.1
ENGINEER,192.0.2.1
ENGINEERING,192.0.2.1
ENTERPRISES,192.0.2.1
EPSON,192.0.2.1
EQUIPMENT,192.0.2.1
ER,192.0.2.1
ERICSSON,192.0.2.1
ERNI,192.0.2.1
ES,192.0.2.1
ESQ,192.0.2.1
ESTATE,192.0.2.1
ET,192.0.2.1
EU,192.0.2.1
EUROVISION,192.0.2.1
EUS,192.0.2.1
EVENTS,192.0.2.1
EXCHANGE,192.0.2.1
EXPERT,192.0.2.1
EXPOSED,192.0.2.1
EXPRESS,192.0.2.1
EXTRASPACE,192.0.2.1
FAGE,192.0.2.1
FAIL,192.0.2.1
FAIRWINDS,192.0.2.1
FAITH,192.0.2.1
FAMILY,192.0.2.1
FAN,192.0.2.1
FANS,192.0.2.1
FARM,192.0.2.1
FARMERS,192.0.2.1
FASHION,192.0.2.1
FAST,192.0.2.1
FEDEX,192.0.2.1
FEEDBACK,192.0.2.1
FERRARI,192.0.2.1
FERRERO,192.0.2.1
FI,192.0.2.1
FIDELITY,192.0.2.1
FIDO,192.0.2.1
FILM,192.0.2.1
FINAL,192.0.2.1
FINANCE,192.0.2.1
FINANCIAL,192.0.2.1
FIRE,192.0.2.1
FIRESTONE,192.0.2.1
FIRMDALE,192.0.2.1
FISH,192.0.2.1
FISHING,192.0.2.1
FIT,192.0.2.1
FITNESS,192.0.2.1
FJ,192.0.2.1
FK,192.0.2.1
FLICKR,192.0.2.1
FLIGHTS,192.0.2.1
FLIR,192.0.2.1
FLORIST,192.0.2.1
FLOWERS,192.0.2.1
FLY,192.0.2.1
FM,192.0.2.1
FO,192.0.2.1
FOO,192.0.2.1
FOOD,192.0.2.1
FOOTBALL,192.0.2.1
FORD,192.0.2.1
FOREX,192.0.2.1
FORSALE,192.0.2.1
FORUM,192.0.2.1
FOUNDATION,192.0.2.1
FOX,192.0.2.1
FR,192.0.2.1
FREE,192.0.2.1
FRESENIUS,192.0.2.1
FRL,192.0.2.1
FROGANS,192.0.2.1
FRONTIER,192.0.2.1
FTR,192.0.2.1
FUJITSU,192.0.2.1
FUN,192.0.2.1
FUND,192.0.2.1
FURNITURE,192.0.2.1
FUTBOL,192.0.2.1
FYI,192.0.2.1
GA,192.0.2.1
GAL,192.0.2.1
GALLERY,192.0.2.1
GALLO,192.0.2.1
GALLUP,192.0.2.1
GAME,192.0.2.1
GAMES,192.0.2.1
GAP,192.0.2.1
GARDEN,192.0.2.1
GAY,192.0.2.1
GB,192.0.2.1
GBIZ,192.0.2.1
GD,192.0.2.1
GDN,192.0.2.1
GE,192.0.2.1
GEA,192.0.2.1
GENT,192.0.2.1
GENTING,192.0.2.1
GEORGE,192.0.2.1
GF,192.0.2.1
GG,192.0.2.1
GGEE,192.0.2.1
GH,192.0.2.1
GI,192.0.2.1
GIFT,192.0.2.1
GIFTS,192.0.2.1
GIVES,192.0.2.1
GIVING,192.0.2.1
GL,192.0.2.1
GLASS,192.0.2.1
GLE,192.0.2.1
GLOBAL,192.0.2.1
GLOBO,192.0.2.1
GM,192.0.2.1
GMAIL,192.0.2.1
GMBH,192.0.2.1
GMO,192.0.2.1
GMX,192.0.2.1
GN,192.0.2.1
GODADDY,192.0.2.1
GOLD,192.0.2.1
GOLDPOINT,192.0.2.1
GOLF,192.0.2.1
GOO,192.0.2.1
GOODYEAR,192.0.2.1
GOOG,192.0.2.1
GOOGLE,192.0.2.1
GOP,192.0.2.1
GOT,192.0.2.1
GOV,192.0.2.1
GP,192.0.2.1
GQ,192.0.2.1
GR,192.0.2.1
GRAINGER,192.0.2.1
GRAPHICS,192.0.2.1
GRATIS,192.0.2.1
GREEN,192.0.2.1
GRIPE,192.0.2.1
GROCERY,192.0.2.1
GROUP,192.0.2.1
GS,192.0.2.1
GT,192.0.2.1
GU,192.0.2.1
GUCCI,192.0.2.1
GUGE,192.0.2.1
GUIDE,192.0.2.1
GUITARS,192.0.2.1
GURU,192.0.2.1
GW,192.0.2.1
GY,192.0.2.1
HAIR,192.0.2.1
HAMBURG,192.0.2.1
HANGOUT,192.0.2.1
HAUS,192.0.2.1
HBO,192.0.2.1
HDFC,192.0.2.1
HDFCBANK,192.0.2.1
HEALTH,192.0.2.1
HEALTHCARE,192.0.2.1
HELP,192.0.2.1
HELSINKI,192.0.2.1
HERE,192.0.2.1
HERMES,192.0.2.1
HIPHOP,192.0.2.1
HISAMITSU,192.0.2.1
HITACHI,192.0.2.1
HIV,192.0.2.1
HK,192.0.2.1
HKT,192.0.2.1
HM,192.0.2.1
HN,192.0.2.1
HOCKEY,192.0.2.1
HOLDINGS,192.0.2.1
HOLIDAY,192.0.2.1
HOMEDEPOT,192.0.2.1
HOMEGOODS,192.0.2.1
HOMES,192.0.2.1
HOMESENSE,192.0.2.1
HONDA,192.0.2.1
HORSE,192.0.2.1
HOSPITAL,192.0.2.1
HOST,192.0.2.1
HOSTING,192.0.2.1
HOT,192.0.2.1
HOTELS,192.0.2.1
HOTMAIL,192.0.2.1
HOUSE,192.0.2.1
HOW,192.0.2.1
HR,192.0.2.1
HSBC,192.0.2.1
HT,192.0.2.1
HU,192.0.2.1
HUGHES,192.0.2.1
HYATT,192.0.2.1
HYUNDAI,192.0.2.1
IBM,192.0.2.1
ICBC,192.0.2.1
ICE,192.0.2.1
ICU,192.0.2.1
ID,192.0.2.1
IE,192.0.2.1
IEEE,192.0.2.1
IFM,192.0.2.1
IKANO,192.0.2.1
IL,192.0.2.1
IM,192.0.2.1
IMAMAT,192.0.2.1
IMDB,192.0.2.1
IMMO,192.0.2.1
IMMOBILIEN,192.0.2.1
IN,192.0.2.1
INC,192.0.2.1
INDUSTRIES,192.0.2.1
INFINITI,192.0.2.1
INFO,192.0.2.1
ING,192.0.2.1
INK,192.0.2.1
INSTITUTE,192.0.2.1
INSURANCE,192.0.2.1
INSURE,192.0.2.1
INT,192.0.2.1
INTERNATIONAL,192.0.2.1
INTUIT,192.0.2.1
INVESTMENTS,192.0.2.1
IO,192.0.2.1
IPIRANGA,192.0.2.1
IQ,192.0.2.1
IR,192.0.2.1
IRISH,192.0.2.1
IS,192.0.2.1
ISMAILI,192.0.2.1
IST,192.0.2.1
ISTANBUL,192.0.2.1
IT,192.0.2.1
ITAU,192.0.2.1
ITV,192.0.2.1
JAGUAR,192.0.2.1
JAVA,192.0.2.1
JCB,192.0.2.1
JE,192.0.2.1
JEEP,192.0.2.1
JETZT,192.0.2.1
JEWELRY,192.0.2.1
JIO,192.0.2.1
JLL,192.0.2.1
JM,192.0.2.1
JMP,192.0.2.1
JNJ,192.0.2.1
JO,192.0.2.1
JOBS,192.0.2.1
JOBURG,192.0.2.1
JOT,192.0.2.1
JOY,192.0.2.1
JP,192.0.2.1
JPMORGAN,192.0.2.1
JPRS,192.0.2.1
JUEGOS,192.0.2.1
JUNIPER,192.0.2.1
KAUFEN,192.0.2.1
KDDI,192.0.2.1
KE,192.0.2.1
KERRYHOTELS,192.0.2.1
KERRYLOGISTICS,192.0.2.1
KERRYPROPERTIES,192.0.2.1
KFH,192.0.2.1
KG,192.0.2.1
KH,192.0.2.1
KI,192.0.2.1
KIA,192.0.2.1
KIDS,192.0.2.1
KIM,192.0.2.1
KINDLE,192.0.2.1
KITCHEN,192.0.2.1
KIWI,192.0.2.1
KM,192.0.2.1
KN,192.0.2.1
KOELN,192.0.2.1
KOMATSU,192.0.2.1
KOSHER,192.0.2.1
KP,192.0.2.1
KPMG,192.0.2.1
KPN,192.0.2.1
KR,192.0.2.1
KRD,192.0.2.1
KRED,192.0.2.1
KUOKGROUP,192.0.2.1
KW,192.0.2.1
KY,192.0.2.1
KYOTO,192.0.2.1
KZ,192.0.2.1
LA,192.0.2.1
LACAIXA,192.0.2.1
LAMBORGHINI,192.0.2.1
LAMER,192.0.2.1
LANCASTER,192.0.2.1
LAND,192.0.2.1
LANDROVER,192.0.2.1
LANXESS,192.0.2.1
LASALLE,192.0.2.1
LAT,192.0.2.1
LATINO,192.0.2.1
LATROBE,192.0.2.1
LAW,192.0.2.1
LAWYER,192.0.2.1
LB,192.0.2.1
LC,192.0.2.1
LDS,192.0.2.1
LEASE,192.0.2.1
LECLERC,192.0.2.1
LEFRAK,192.0.2.1
LEGAL,192.0.2.1
LEGO,192.0.2.1
LEXUS,192.0.2.1
LGBT,192.0.2.1
LI,192.0.2.1
LIDL,192.0.2.1
LIFE,192.0.2.1
LIFEINSURANCE,192.0.2.1
LIFESTYLE,192.0.2.1
LIGHTING,192.0.2.1
LIKE,192.0.2.1
LILLY,192.0.2.1
LIMITED,192.0.2.1
LIMO,192.0.2.1
LINCOLN,192.0.2.1
LINK,192.0.2.1
LIPSY,192.0.2.1
LIVE,192.0.2.1
LIVING,192.0.2.1
LK,192.0.2.1
LLC,192.0.2.1
LLP,192.0.2.1
LOAN,192.0.2.1
LOANS,192.0.2.1
LOCKER,192.0.2.1
LOCUS,192.0.2.1
LOL,192.0.2.1
LONDON,192.0.2.1
LOTTE,192.0.2.1
LOTTO,192.0.2.1
LOVE,192.0.2.1
LPL,192.0.2.1
LPLFINANCIAL,192.0.2.1
LR,192.0.2.1
LS,192.0.2.1
LT,192.0.2.1
LTD,192.0.2.1
LTDA,192.0.2.1
LU,192.0.2.1
LUNDBECK,192.0.2.1
LUXE,192.0.2.1
LUXURY,192.0.2.1
LV,192.0.2.1
LY,192.0.2.1
MA,192.0.2.1
MADRID,192.0.2.1
MAIF,192.0.2.1
MAISON,192.0.2.1
MAKEUP,192.0.2.1
MAN,192.0.2.1
MANAGEMENT,192.0.2.1
MANGO,192.0.2.1
MAP,192.0.2.1
MARKET,192.0.2.1
MARKETING,192.0.2.1
MARKETS,192.0.2.1
MARRIOTT,192.0.2.1
MARSHALLS,192.0.2.1
MATTEL,192.0.2.1
MBA,192.0.2.1
MC,192.0.2.1
MCKINSEY,192.0.2.1
MD,192.0.2.1
ME,192.0.2.1
MED,192.0.2.1
MEDIA,192.0.2.1
MEET,192.0.2.1
MELBOURNE,192.0.2.1
MEME,192.0.2.1
MEMORIAL,192.0.2.1
MEN,192.0.2.1
MENU,192.0.2.1
MERCKMSD,192.0.2.1
MG,192.0.2.1
MH,192.0.2.1
MIAMI,192.0.2.1
MICROSOFT,192.0.2.1
MIL,192.0.2.1
MINI,192.0.2.1
MINT,192.0.2.1
MIT,192.0.2.1
MITSUBISHI,192.0.2.1
MK,192.0.2.1
ML,192.0.2.1
MLB,192.0.2.1
MLS,192.0.2.1
MM,192.0.2.1
MMA,192.0.2.1
MN,192.0.2.1
MO,192.0.2.1
MOBI,192.0.2.1
MOBILE,192.0.2.1
MODA,192.0.2.1
MOE,192.0.2.1
MOI,192.0.2.1
MOM,192.0.2.1
MONASH,192.0.2.1
MONEY,192.0.2.1
MONSTER,192.0.2.1
MORMON,192.0.2.1
MORTGAGE,192.0.2.1
MOSCOW,192.0.2.1
MOTO,192.0.2.1
MOTORCYCLES,192.0.2.1
MOV,192.0.2.1
MOVIE,192.0.2.1
MP,192.0.2.1
MQ,192.0.2.1
MR,192.0.2.1
MS,192.0.2.1
MSD,192.0.2.1
MT,192.0.2.1
MTN,192.0.2.1
MTR,192.0.2.1
MU,192.0.2.1
MUSEUM,192.0.2.1
MUSIC,192.0.2.1
MV,192.0.2.1
MW,192.0.2.1
MX,192.0.2.1
MY,192.0.2.1
MZ,192.0.2.1
NA,192.0.2.1
NAB,192.0.2.1
NAGOYA,192.0.2.1
NAME,192.0.2.1
NAVY,192.0.2.1
NBA,192.0.2.1
NC,192.0.2.1
NE,192.0.2.1
NEC,192.0.2.1
NET,192.0.2.1
NETBANK,192.0.2.1
NETFLIX,192.0.2.1
NETWORK,192.0.2.1
NEUSTAR,192.0.2.1
NEW,192.0.2.1
NEWS,192.0.2.1
NEXT,192.0.2.1
NEXTDIRECT,192.0.2.1
NEXUS,192.0.2.1
NF,192.0.2.1
NFL,192.0.2.1
NG,192.0.2.1
NGO,192.0.2.1
NHK,192.0.2.1
NI,192.0.2.1
NICO,192.0.2.1
NIKE,192.0.2.1
NIKON,192.0.2.1
NINJA,192.0.2.1
NISSAN,192.0.2.1
NISSAY,192.0.2.1
NL,192.0.2.1
NO,192.0.2.1
NOKIA,192.0.2.1
NORTON,192.0.2.1
NOW,192.0.2.1
NOWRUZ,192.0.2.1
NOWTV,192.0.2.1
NP,192.0.2.1
NR,192.0.2.1
NRA,192.0.2.1
NRW,192.0.2.1
NTT,192.0.2.1
NU,192.0.2.1
NYC,192.0.2.1
NZ,192.0.2.1
OBI,192.0.2.1
OBSERVER,192.0.2.1
OFFICE,192.0.2.1
OKINAWA,192.0.2.1
OLAYAN,192.0.2.1
OLAYANGROUP,192.0.2.1
OLLO,192.0.2.1
OM,192.0.2.1
OMEGA,192.0.2.1
ONE,192.0.2.1
ONG,192.0.2.1
ONL,192.0.2.1
ONLINE,192.0.2.1
OOO,192.0.2.1
OPEN,192.0.2.1
ORACLE,192.0.2.1
ORANGE,192.0.2.1
ORG,192.0.2.1
ORGANIC,192.0.2.1
ORIGINS,192.0.2.1
OSAKA,192.0.2.1
OTSUKA,192.0.2.1
OTT,192.0.2.1
OVH,192.0.2.1
PA,192.0.2.1
PAGE,192.0.2.1
PANASONIC,192.0.2.1
PARIS,192.0.2.1
PARS,192.0.2.1
PARTNERS,192.0.2.1
PARTS,192.0.2.1
PARTY,192.0.2.1
PAY,192.0.2.1
PCCW,192.0.2.1
PE,192.0.2.1
PET,192.0.2.1
PF,192.0.2.1
PFIZER,192.0.2.1
PG,192.0.2.1
PH,192.0.2.1
PHARMACY,192.0.2.1
PHD,192.0.2.1
PHILIPS,192.0.2.1
PHONE,192.0.2.1
PHOTO,192.0.2.1
PHOTOGRAPHY,192.0.2.1
PHOTOS,192.0.2.1
PHYSIO,192.0.2.1
PICS,192.0.2.1
PICTET,192.0.2.1
PICTURES,192.0.2.1
PID,192.0.2.1
PIN,192.0.2.1
PING,192.0.2.1
PINK,192.0.2.1
PIONEER,192.0.2.1
PIZZA,192.0.2.1
PK,192.0.2.1
PL,192.0.2.1
PLACE,192.0.2.1
PLAY,192.0.2.1
PLAYSTATION,192.0.2.1
PLUMBING,192.0.2.1
PLUS,192.0.2.1
PM,192.0.2.1
PN,192.0.2.1
PNC,192.0.2.1
POHL,192.0.2.1
POKER,192.0.2.1
POLITIE,192.0.2.1
PORN,192.0.2.1
POST,192.0.2.1
PR,192.0.2.1
PRAMERICA,192.0.2.1
PRAXI,192.0.2.1
PRESS,192.0.2.1
PRIME,192.0.2.1
PRO,192.0.2.1
PROD,192.0.2.1
PRODUCTIONS,192.0.2.1
PROF,192.0.2.1
PROGRESSIVE,192.0.2.1
PROMO,192.0.2.1
PROPERTIES,192.0.2.1
PROPERTY,192.0.2.1
PROTECTION,192.0.2.1
PRU,192.0.2.1
PRUDENTIAL,192.0.2.1
PS,192.0.2.1
PT,192.0.2.1
PUB,192.0.2.1
PW,192.0.2.1
PWC,192.0.2.1
PY,192.0.2.1
QA,192.0.2.1
QPON,192.0.2.1
QUEBEC,192.0.2.1
QUEST,192.0.2.1
RACING,192.0.2.1
RADIO,192.0.2.1
RE,192.0.2.1
READ,192.0.2.1
REALESTATE,192.0.2.1
REALTOR,192.0.2.1
REALTY,192.0.2.1
RECIPES,192.0.2.1
RED,192.0.2.1
REDSTONE,192.0.2.1
REDUMBRELLA,192.0.2.1
REHAB,192.0.2.1
REISE,192.0.2.1
REISEN,192.0.2.1
REIT,192.0.2.1
RELIANCE,192.0.2.1
REN,192.0.2.1
RENT,192.0.2.1
RENTALS,192.0.2.1
REPAIR,192.0.2.1
REPORT,192.0.2.1
REPUBLICAN,192.0.2.1
REST,192.0.2.1
RESTAURANT,192.0.2.1
REVIEW,192.0.2.1
REXROTH,192.0.2.1
REVIEWS,192.0.2.1
RICH,192.0.2.1
RICHARDLI,192.0.2.1
RICOH,192.0.2.1
RIL,192.0.2.1
RIO,192.0.2.1
RIP,192.0.2.1
RO,192.0.2.1
ROCKS,192.0.2.1
RODEO,192.0.2.1
ROGERS,192.0.2.1
ROOM,192.0.2.1
RS,192.0.2.1
RSVP,192.0.2.1
RU,192.0.2.1
RUGBY,192.0.2.1
RUHR,192.0.2.1
RUN,192.0.2.1
RW,192.0.2.1
SAMSCLUB,192.0.2.1
SAFE,192.0.2.1
RWE,192.0.2.1
RYUKYU,192.0.2.1
SA,192.0.2.1
SAARLAND,192.0.2.1
SAKURA,192.0.2.1
SAFETY,192.0.2.1
SALE,192.0.2.1
SAMSUNG,192.0.2.1
SALON,192.0.2.1
SANDVIK,192.0.2.1
SANDVIKCOROMANT,192.0.2.1
SANOFI,192.0.2.1
SAP,192.0.2.1
SARL,192.0.2.1
SAS,192.0.2.1
SAVE,192.0.2.1
SAXO,192.0.2.1
SB,192.0.2.1
SBI,192.0.2.1
SBS,192.0.2.1
SC,192.0.2.1
SCB,192.0.2.1
SCHAEFFLER,192.0.2.1
SCHMIDT,192.0.2.1
SCHOLARSHIPS,192.0.2.1
SCHOOL,192.0.2.1
SCHULE,192.0.2.1
SCHWARZ,192.0.2.1
SCIENCE,192.0.2.1
SCOT,192.0.2.1
SD,192.0.2.1
SE,192.0.2.1
SEARCH,192.0.2.1
SEAT,192.0.2.1
SECURE,192.0.2.1
SECURITY,192.0.2.1
SEEK,192.0.2.1
SELECT,192.0.2.1
SENER,192.0.2.1
SERVICES,192.0.2.1
SEVEN,192.0.2.1
SEW,192.0.2.1
SEX,192.0.2.1
SEXY,192.0.2.1
SFR,192.0.2.1
SG,192.0.2.1
SH,192.0.2.1
SHANGRILA,192.0.2.1
SHARP,192.0.2.1
SHAW,192.0.2.1
SHELL,192.0.2.1
SHIA,192.0.2.1
SHIKSHA,192.0.2.1
SHOES,192.0.2.1
SHOP,192.0.2.1
SHOPPING,192.0.2.1
SHOUJI,192.0.2.1
SHOW,192.0.2.1
SI,192.0.2.1
SILK,192.0.2.1
SINA,192.0.2.1
SINGLES,192.0.2.1
SITE,192.0.2.1
SJ,192.0.2.1
SK,192.0.2.1
SKI,192.0.2.1
SKIN,192.0.2.1
SKY,192.0.2.1
SKYPE,192.0.2.1
SL,192.0.2.1
SLING,192.0.2.1
SM,192.0.2.1
SMART,192.0.2.1
SMILE,192.0.2.1
SN,192.0.2.1
SNCF,192.0.2.1
SO,192.0.2.1
SOCCER,192.0.2.1
SOCIAL,192.0.2.1
SOFTBANK,192.0.2.1
SOFTWARE,192.0.2.1
SOHU,192.0.2.1
SOLAR,192.0.2.1
SOLUTIONS,192.0.2.1
SONG,192.0.2.1
SONY,192.0.2.1
SOY,192.0.2.1
SPA,192.0.2.1
SPACE,192.0.2.1
SPORT,192.0.2.1
SPOT,192.0.2.1
SR,192.0.2.1
SRL,192.0.2.1
SS,192.0.2.1
ST,192.0.2.1
STADA,192.0.2.1
STAPLES,192.0.2.1
STAR,192.0.2.1
STATEBANK,192.0.2.1
STATEFARM,192.0.2.1
STC,192.0.2.1
STCGROUP,192.0.2.1
STOCKHOLM,192.0.2.1
STORAGE,192.0.2.1
STORE,192.0.2.1
STREAM,192.0.2.1
STUDIO,192.0.2.1
STUDY,192.0.2.1
STYLE,192.0.2.1
SU,192.0.2.1
SUCKS,192.0.2.1
SUPPLIES,192.0.2.1
SUPPLY,192.0.2.1
SUPPORT,192.0.2.1
SURF,192.0.2.1
SURGERY,192.0.2.1
SUZUKI,192.0.2.1
SV,192.0.2.1
SWATCH,192.0.2.1
SWISS,192.0.2.1
SX,192.0.2.1
SY,192.0.2.1
SYDNEY,192.0.2.1
SYSTEMS,192.0.2.1
SZ,192.0.2.1
TAB,192.0.2.1
TAIPEI,192.0.2.1
TALK,192.0.2.1
TAOBAO,192.0.2.1
TARGET,192.0.2.1
TATAMOTORS,192.0.2.1
TATAR,192.0.2.1
TATTOO,192.0.2.1
TAX,192.0.2.1
TAXI,192.0.2.1
TC,192.0.2.1
TCI,192.0.2.1
TD,192.0.2.1
TDK,192.0.2.1
TEAM,192.0.2.1
TECH,192.0.2.1
TECHNOLOGY,192.0.2.1
TEL,192.0.2.1
TEMASEK,192.0.2.1
TENNIS,192.0.2.1
TEVA,192.0.2.1
TF,192.0.2.1
TG,192.0.2.1
TH,192.0.2.1
THD,192.0.2.1
THEATER,192.0.2.1
THEATRE,192.0.2.1
TIAA,192.0.2.1
TICKETS,192.0.2.1
TIENDA,192.0.2.1
TIPS,192.0.2.1
TIRES,192.0.2.1
TIROL,192.0.2.1
TJ,192.0.2.1
TJMAXX,192.0.2.1
TJX,192.0.2.1
TK,192.0.2.1
TKMAXX,192.0.2.1
TL,192.0.2.1
TM,192.0.2.1
TMALL,192.0.2.1
TN,192.0.2.1
TO,192.0.2.1
TODAY,192.0.2.1
TOKYO,192.0.2.1
TOOLS,192.0.2.1
TOP,192.0.2.1
TORAY,192.0.2.1
TOSHIBA,192.0.2.1
TOTAL,192.0.2.1
TOURS,192.0.2.1
TOWN,192.0.2.1
TOYOTA,192.0.2.1
TOYS,192.0.2.1
TR,192.0.2.1
TRADE,192.0.2.1
TRADING,192.0.2.1
TRAINING,192.0.2.1
TRAVEL,192.0.2.1
TRAVELERS,192.0.2.1
TRAVELERSINSURANCE,192.0.2.1
TRUST,192.0.2.1
TRV,192.0.2.1
TT,192.0.2.1
TUBE,192.0.2.1
TUI,192.0.2.1
TUNES,192.0.2.1
TUSHU,192.0.2.1
TV,192.0.2.1
TVS,192.0.2.1
TW,192.0.2.1
TZ,192.0.2.1
UA,192.0.2.1
UBANK,192.0.2.1
UBS,192.0.2.1
UG,192.0.2.1
UK,192.0.2.1
UNICOM,192.0.2.1
UNIVERSITY,192.0.2.1
UNO,192.0.2.1
UOL,192.0.2.1
UPS,192.0.2.1
US,192.0.2.1
UY,192.0.2.1
UZ,192.0.2.1
VA,192.0.2.1
VACATIONS,192.0.2.1
VANA,192.0.2.1
VANGUARD,192.0.2.1
VC,192.0.2.1
VE,192.0.2.1
VEGAS,192.0.2.1
VENTURES,192.0.2.1
VERISIGN,192.0.2.1
VERSICHERUNG,192.0.2.1
VET,192.0.2.1
VG,192.0.2.1
VI,192.0.2.1
VIAJES,192.0.2.1
VIDEO,192.0.2.1
VIG,192.0.2.1
VIKING,192.0.2.1
VILLAS,192.0.2.1
VIN,192.0.2.1
VIP,192.0.2.1
VIRGIN,192.0.2.1
VISA,192.0.2.1
VISION,192.0.2.1
VIVA,192.0.2.1
VIVO,192.0.2.1
VLAANDEREN,192.0.2.1
VN,192.0.2.1
VODKA,192.0.2.1
VOLVO,192.0.2.1
VOTE,192.0.2.1
VOTING,192.0.2.1
VOTO,192.0.2.1
VOYAGE,192.0.2.1
VU,192.0.2.1
WALES,192.0.2.1
WALMART,192.0.2.1
WALTER,192.0.2.1
WANG,192.0.2.1
WANGGOU,192.0.2.1
WATCH,192.0.2.1
WATCHES,192.0.2.1
WEATHER,192.0.2.1
WEATHERCHANNEL,192.0.2.1
WEBCAM,192.0.2.1
WEBER,192.0.2.1
WEBSITE,192.0.2.1
WED,192.0.2.1
WEDDING,192.0.2.1
WEIBO,192.0.2.1
WEIR,192.0.2.1
WF,192.0.2.1
WHOSWHO,192.0.2.1
WIEN,192.0.2.1
WIKI,192.0.2.1
WILLIAMHILL,192.0.2.1
WIN,192.0.2.1
WINDOWS,192.0.2.1
WINE,192.0.2.1
WINNERS,192.0.2.1
WME,192.0.2.1
WOLTERSKLUWER,192.0.2.1
WOODSIDE,192.0.2.1
WORK,192.0.2.1
WORKS,192.0.2.1
WORLD,192.0.2.1
WOW,192.0.2.1
WS,192.0.2.1
WTC,192.0.2.1
WTF,192.0.2.1
XBOX,192.0.2.1
XEROX,192.0.2.1
XIHUAN,192.0.2.1
XIN,192.0.2.1
XN--11B4C3D,192.0.2.1
XN--1CK2E1B,192.0.2.1
XN--1QQW23A,192.0.2.1
XN--2SCRJ9C,192.0.2.1
XN--30RR7Y,192.0.2.1
XN--3BST00M,192.0.2.1
XN--3DS443G,192.0.2.1
XN--3E0B707E,192.0.2.1
XN--3HCRJ9C,192.0.2.1
XN--3PXU8K,192.0.2.1
XN--42C2D9A,192.0.2.1
XN--45BR5CYL,192.0.2.1
XN--45BRJ9C,192.0.2.1
XN--45Q11C,192.0.2.1
XN--4DBRK0CE,192.0.2.1
XN--4GBRIM,192.0.2.1
XN--54B7FTA0CC,192.0.2.1
XN--55QW42G,192.0.2.1
XN--55QX5D,192.0.2.1
XN--5SU34J936BGSG,192.0.2.1
XN--5TZM5G,192.0.2.1
XN--6FRZ82G,192.0.2.1
XN--6QQ986B3XL,192.0.2.1
XN--80ADXHKS,192.0.2.1
XN--80AO21A,192.0.2.1
XN--80AQECDR1A,192.0.2.1
XN--80ASEHDB,192.0.2.1
XN--80ASWG,192.0.2.1
XN--8Y0A063A,192.0.2.1
XN--90A3AC,192.0.2.1
XN--90AE,192.0.2.1
XN--90AIS,192.0.2.1
XN--9DBQ2A,192.0.2.1
XN--9ET52U,192.0.2.1
XN--9KRT00A,192.0.2.1
XN--B4W605FERD,192.0.2.1
XN--BCK1B9A5DRE4C,192.0.2.1
XN--C1AVG,192.0.2.1
XN--C2BR7G,192.0.2.1
XN--CCK2B3B,192.0.2.1
XN--CCKWCXETD,192.0.2.1
XN--CG4BKI,192.0.2.1
XN--CLCHC0EA0B2G2A9GCD,192.0.2.1
XN--CZR694B,192.0.2.1
XN--CZRS0T,192.0.2.1
XN--CZRU2D,192.0.2.1
XN--D1ACJ3B,192.0.2.1
XN--D1ALF,192.0.2.1
XN--E1A4C,192.0.2.1
XN--ECKVDTC9D,192.0.2.1
XN--EFVY88H,192.0.2.1
XN--FCT429K,192.0.2.1
XN--FHBEI,192.0.2.1
XN--FIQ228C5HS,192.0.2.1
XN--FIQ64B,192.0.2.1
XN--FIQS8S,192.0.2.1
XN--FIQZ9S,192.0.2.1
XN--FJQ720A,192.0.2.1
XN--FLW351E,192.0.2.1
XN--FPCRJ9C3D,192.0.2.1
XN--FZC2C9E2C,192.0.2.1
XN--FZYS8D69UVGM,192.0.2.1
XN--G2XX48C,192.0.2.1
XN--GCKR3F0F,192.0.2.1
XN--GECRJ9C,192.0.2.1
XN--GK3AT1E,192.0.2.1
XN--H2BREG3EVE,192.0.2.1
XN--H2BRJ9C,192.0.2.1
XN--H2BRJ9C8C,192.0.2.1
XN--HXT814E,192.0.2.1
XN--I1B6B1A6A2E,192.0.2.1
XN--IMR513N,192.0.2.1
XN--IO0A7I,192.0.2.1
XN--J1AEF,192.0.2.1
XN--J1AMH,192.0.2.1
XN--J6W193G,192.0.2.1
XN--JLQ480N2RG,192.0.2.1
XN--JVR189M,192.0.2.1
XN--MGBA7C0BBN0A,192.0.2.1
XN--L1ACC,192.0.2.1
XN--KCRX77D1X4A,192.0.2.1
XN--KPRW13D,192.0.2.1
XN--KPRY57D,192.0.2.1
XN--KPUT3I,192.0.2.1
XN--MGB9AWBF,192.0.2.1
XN--LGBBAT1AD8J,192.0.2.1
XN--MGBA3A3EJT,192.0.2.1
XN--MGBA3A4F16A,192.0.2.1
XN--MGBAAM7A8H,192.0.2.1
XN--MGBAB2BD,192.0.2.1
XN--MGBAH1A3HJKRD,192.0.2.1
XN--MGBAI9AZGQP6J,192.0.2.1
XN--MGBAYH7GPA,192.0.2.1
XN--MGBBH1A,192.0.2.1
XN--MGBBH1A71E,192.0.2.1
XN--MGBC0A9AZCG,192.0.2.1
XN--MGBCA7DZDO,192.0.2.1
XN--MGBCPQ6GPA1A,192.0.2.1
XN--MGBERP4A5D4AR,192.0.2.1
XN--MGBGU82A,192.0.2.1
XN--MGBI4ECEXP,192.0.2.1
XN--MGBPL2FH,192.0.2.1
XN--MGBT3DHD,192.0.2.1
XN--MGBTX2B,192.0.2.1
XN--MGBX4CD0AB,192.0.2.1
XN--MIX891F,192.0.2.1
XN--MK1BU44C,192.0.2.1
XN--MXTQ1M,192.0.2.1
XN--NGBC5AZD,192.0.2.1
XN--NGBE9E0A,192.0.2.1
XN--NGBRX,192.0.2.1
XN--NODE,192.0.2.1
XN--NQV7F,192.0.2.1
XN--NQV7FS00EMA,192.0.2.1
XN--NYQY26A,192.0.2.1
XN--O3CW4H,192.0.2.1
XN--OGBPF8FL,192.0.2.1
XN--OTU796D,192.0.2.1
XN--P1ACF,192.0.2.1
XN--P1AI,192.0.2.1
XN--PGBS0DH,192.0.2.1
XN--PSSY2U,192.0.2.1
XN--Q7CE6A,192.0.2.1
XN--Q9JYB4C,192.0.2.1
XN--QCKA1PMC,192.0.2.1
XN--QXA6A,192.0.2.1
XN--QXAM,192.0.2.1
XN--RHQV96G,192.0.2.1
XN--ROVU88B,192.0.2.1
XN--RVC1E0AM3E,192.0.2.1
XN--S9BRJ9C,192.0.2.1
XN--SES554G,192.0.2.1
XN--T60B56A,192.0.2.1
XN--TCKWE,192.0.2.1
XN--TIQ49XQYJ,192.0.2.1
XN--UNUP4Y,192.0.2.1
XN--VERMGENSBERATER-CTB,192.0.2.1
XN--VERMGENSBERATUNG-PWB,192.0.2.1
XN--VHQUV,192.0.2.1
XN--VUQ861B,192.0.2.1
XN--W4R85EL8FHU5DNRA,192.0.2.1
XN--W4RS40L,192.0.2.1
XN--WGBH1C,192.0.2.1
XN--WGBL6A,192.0.2.1
XN--XHQ521B,192.0.2.1
XN--XKC2AL3HYE2A,192.0.2.1
XN--XKC2DL3A5EE0H,192.0.2.1
XN--Y9A3AQ,192.0.2.1
XN--YFRO4I67O,192.0.2.1
XN--YGBI2AMMX,192.0.2.1
XN--ZFR164B,192.0.2.1
XXX,192.0.2.1
XYZ,192.0.2.1
YACHTS,192.0.2.1
YAHOO,192.0.2.1
YAMAXUN,192.0.2.1
YANDEX,192.0.2.1
YE,192.0.2.1
YODOBASHI,192.0.2.1
YOGA,192.0.2.1
YOKOHAMA,192.0.2.1
YOU,192.0.2.1
YOUTUBE,192.0.2.1
YT,192.0.2.1
YUN,192.0.2.1
ZA,192.0.2.1
ZAPPOS,192.0.2.1
ZARA,192.0.2.1
ZERO,192.0.2.1
ZIP,192.0.2.1
ZM,192.0.2.1
ZONE,192.0.2.1
ZUERICH,192.0.2.1
ZW,192.0.2.1
